{ "_id" : { "$oid" : "5ec3f7f93ed21242b47f4e43" }, "images" : [  ], "name" : "doremon", "code" : "00001", "author" : "none", "price" : 10000, "status" : 1, "description" : "Doraemon (Đôrêmon) là một chú mèo máy được Sewashi (Nôbitô), cháu ba đời của Nobita gửi về quá khứ cho ông mình để giúp đỡ Nobita tiến bộ, tức là cũng ...", "createdAt" : { "$date" : "2020-05-19T15:15:05.083+0000" }, "updatedAt" : { "$date" : "2020-05-26T08:44:31.435+0000" }, "__v" : 0, "category" : { "$oid" : "5eccd6c07766c83ae4168cee" } }
{ "_id" : { "$oid" : "5ec3fc4026cf200ee42554da" }, "images" : [  ], "name" : "conan", "code" : "00002", "author" : "none", "price" : 1000000, "status" : 1, "description" : "Thám tử lừng danh Conan (bản đẹp) hay Detective Conan, là một bộ truyện tranh trinh thám Nhật Bản của tác giả Aoyama Gōshō.Mở đầu câu truyện, cậu học ...", "createdAt" : { "$date" : "2020-05-19T15:33:20.119+0000" }, "updatedAt" : { "$date" : "2020-05-19T15:33:20.119+0000" }, "__v" : 0 }
