{ "_id" : { "$oid" : "5ec3f39ffbcf11491844934c" }, "name" : "Authenticated", "description" : "Default role given to authenticated user.", "type" : "authenticated", "createdAt" : { "$date" : "2020-05-19T14:56:31.772+0000" }, "updatedAt" : { "$date" : "2020-05-19T14:56:31.772+0000" }, "__v" : 0 }
{ "_id" : { "$oid" : "5ec3f39ffbcf11491844934e" }, "name" : "Public", "description" : "Default role given to unauthenticated user.", "type" : "public", "createdAt" : { "$date" : "2020-05-19T14:56:31.822+0000" }, "updatedAt" : { "$date" : "2020-05-26T08:39:57.884+0000" }, "__v" : 0 }
